,longitude,latitude,LCOH,Wind turbines,Solar platforms,Electrolyzers,Desalination equipment,Storage volume,Conversion devices,Reconversion devices,Transport medium,FPSO volume,Distance sea
0,6.08,54.550000000000004,5.0547456530589026,43.0,32.0,23.0,23.0,40819.0305463354,9,5.0,Ammonia,414366.55882223987,6784.528239512212
1,6.28,54.550000000000004,5.053284418058135,43.0,32.0,23.0,23.0,40819.0305463354,9,5.0,Ammonia,414366.55882223987,6765.448882388002
2,6.48,54.550000000000004,5.05547244325005,43.0,35.0,23.0,23.0,40819.0305463354,9,5.0,Ammonia,414366.55882223987,6746.380336823886
3,6.680000000000001,54.550000000000004,5.055947421970012,43.0,36.0,23.0,23.0,40819.0305463354,9,5.0,Ammonia,414366.55882223987,6727.322713082764
4,6.880000000000001,54.550000000000004,5.05580690938796,43.0,36.0,23.0,23.0,40819.0305463354,9,5.0,Ammonia,414366.55882223987,6708.276122554637
5,7.08,54.550000000000004,5.047505438448434,43.0,28.0,23.0,23.0,40819.0305463354,9,5.0,Ammonia,414366.55882223987,6689.240677771988
6,7.28,54.550000000000004,5.069861223684798,43.0,48.0,23.0,23.0,40819.0305463354,9,5.0,Ammonia,414366.55882223987,6670.216492425294
7,7.48,54.550000000000004,5.091571490755727,43.0,67.0,23.0,23.0,40819.0305463354,9,5.0,Ammonia,414366.55882223987,6651.203681378791
8,7.680000000000001,54.550000000000004,5.093187731521718,43.0,67.0,23.0,23.0,40819.0305463354,9,5.0,Ammonia,414366.55882223987,6632.202360686423
9,7.880000000000001,54.550000000000004,5.09516287392284,43.0,67.0,23.0,23.0,40819.0305463354,9,5.0,Ammonia,414366.55882223987,6613.212647608014
10,8.08,54.550000000000004,5.1114763960513425,43.0,80.0,23.0,23.0,40819.0305463354,9,5.0,Ammonia,414366.55882223987,6594.2346606256315
11,8.280000000000001,54.550000000000004,5.1538903421369024,44.0,4.0,24.0,24.0,42593.77100487172,9,5.0,Ammonia,432382.49616233725,6575.2685194602
12,8.48,54.550000000000004,5.326406929832479,46.0,-0.0,25.0,24.0,44368.511463408046,9,5.0,Ammonia,450398.43350243464,6556.314345088303
13,8.68,54.550000000000004,5.744251142081564,51.0,13.0,27.0,26.0,47917.99238048069,9,5.0,Ammonia,486430.3081826294,6537.372259759216
14,8.88,54.550000000000004,5.747435293154923,51.0,13.0,27.0,26.0,47917.99238048069,9,5.0,Ammonia,486430.3081826294,6518.44238701219
15,9.08,54.550000000000004,6.244338832384295,56.0,99.0,29.0,28.0,51467.47329755333,9,5.0,Ammonia,522462.1828628242,6499.524851693915
16,9.280000000000001,54.550000000000004,6.582219292352378,55.0,522.0,28.0,27.0,49692.73283901701,9,5.0,Ammonia,504446.2455227268,6480.61977997626
17,9.48,54.550000000000004,6.720610760485941,55.0,647.0,28.0,27.0,49692.73283901701,9,5.0,Ammonia,504446.2455227268,6461.727299374223
18,9.68,54.550000000000004,6.6358305215162705,55.0,565.0,28.0,27.0,49692.73283901701,9,5.0,Ammonia,504446.2455227268,6442.847538764135
19,9.88,54.550000000000004,6.639574370901154,55.0,565.0,28.0,27.0,49692.73283901701,9,5.0,Ammonia,504446.2455227268,6423.980628402086
20,6.08,54.35,5.06725185442657,43.0,50.0,23.0,23.0,40819.0305463354,9,5.0,Ammonia,414366.55882223987,6773.351264665047
21,6.28,54.35,5.065510209625794,43.0,50.0,23.0,23.0,40819.0305463354,9,5.0,Ammonia,414366.55882223987,6754.257477689186
22,6.48,54.35,5.06856046908038,43.0,54.0,23.0,23.0,40819.0305463354,9,5.0,Ammonia,414366.55882223987,6735.174499229721
23,6.680000000000001,54.35,5.067825814991323,43.0,54.0,23.0,23.0,40819.0305463354,9,5.0,Ammonia,414366.55882223987,6716.1024395863315
24,6.880000000000001,54.35,5.067654078371242,43.0,54.0,23.0,23.0,40819.0305463354,9,5.0,Ammonia,414366.55882223987,6697.041410190426
25,7.08,54.35,5.058346303190426,43.0,45.0,23.0,23.0,40819.0305463354,9,5.0,Ammonia,414366.55882223987,6677.991523620587
26,7.28,54.35,5.07439803251146,43.0,59.0,23.0,23.0,40819.0305463354,9,5.0,Ammonia,414366.55882223987,6658.952893618197
27,7.48,54.35,5.102824474000403,43.0,84.0,23.0,23.0,40819.0305463354,9,5.0,Ammonia,414366.55882223987,6639.925635103302
28,7.680000000000001,54.35,5.1176832227868685,43.0,96.0,23.0,23.0,40819.0305463354,9,5.0,Ammonia,414366.55882223987,6620.90986419065
29,7.880000000000001,54.35,5.119990584224318,43.0,96.0,23.0,23.0,40819.0305463354,9,5.0,Ammonia,414366.55882223987,6601.905698205976
30,8.08,54.35,5.1366501013453965,43.0,109.0,23.0,23.0,40819.0305463354,9,5.0,Ammonia,414366.55882223987,6582.913255702464
31,8.280000000000001,54.35,5.180488195635687,44.0,34.0,24.0,24.0,42593.77100487172,9,5.0,Ammonia,432382.49616233725,6563.932656477468
32,8.48,54.35,5.3209829759795415,46.0,-0.0,25.0,24.0,44368.511463408046,9,5.0,Ammonia,450398.43350243464,6544.964021589431
33,8.68,54.35,5.727282370938198,51.0,2.0,27.0,26.0,47917.99238048069,9,5.0,Ammonia,486430.3081826294,6526.0074733750225
34,8.88,54.35,5.7307669724115495,51.0,2.0,27.0,26.0,47917.99238048069,9,5.0,Ammonia,486430.3081826294,6507.0631354665375
35,9.08,54.35,6.263085854767654,57.0,72.0,29.0,28.0,51467.47329755333,9,5.0,Ammonia,522462.1828628242,6488.131132809474
36,9.280000000000001,54.35,6.655612974941166,55.0,594.0,28.0,27.0,49692.73283901701,9,5.0,Ammonia,504446.2455227268,6469.211591680404
37,9.48,54.35,6.892395424088604,55.0,810.0,28.0,27.0,49692.73283901701,9,5.0,Ammonia,504446.2455227268,6450.30463970504
38,9.68,54.35,6.890267107738935,54.0,853.0,28.0,27.0,49692.73283901701,9,5.0,Ammonia,504446.2455227268,6431.410405876548
39,9.88,54.35,6.8937583838047685,55.0,804.0,28.0,27.0,49692.73283901701,9,5.0,Ammonia,504446.2455227268,6412.529020574139
40,6.08,54.15,5.108497068009228,43.0,30.0,24.0,24.0,42593.77100487172,9,5.0,Ammonia,432382.49616233725,6762.199072208202
41,6.28,54.15,5.098813611878856,43.0,23.0,24.0,24.0,42593.77100487172,9,5.0,Ammonia,432382.49616233725,6743.090796234639
42,6.48,54.15,5.1026249904687955,43.0,28.0,24.0,24.0,42593.77100487172,9,5.0,Ammonia,432382.49616233725,6723.993325086492
43,6.680000000000001,54.15,5.093744275349863,43.0,85.0,23.0,23.0,40819.0305463354,9,5.0,Ammonia,414366.55882223987,6704.906769095747
44,6.880000000000001,54.15,5.093524161528753,43.0,85.0,23.0,23.0,40819.0305463354,9,5.0,Ammonia,414366.55882223987,6685.831239730702
45,7.08,54.15,5.089720739272032,43.0,81.0,23.0,23.0,40819.0305463354,9,5.0,Ammonia,414366.55882223987,6666.766849611495
46,7.28,54.15,5.122202706582117,43.0,110.0,23.0,23.0,40819.0305463354,9,5.0,Ammonia,414366.55882223987,6647.713712525836
47,7.48,54.15,5.12719163627634,44.0,0.0,24.0,24.0,42593.77100487172,9,5.0,Ammonia,432382.49616233725,6628.671943444957
48,7.680000000000001,54.15,5.148931479286808,44.0,18.0,24.0,24.0,42593.77100487172,9,5.0,Ammonia,432382.49616233725,6609.641658539756
49,7.880000000000001,54.15,5.151668577232609,44.0,18.0,24.0,24.0,42593.77100487172,9,5.0,Ammonia,432382.49616233725,6590.622975197191
50,8.08,54.15,5.167673452926951,44.0,30.0,24.0,24.0,42593.77100487172,9,5.0,Ammonia,432382.49616233725,6571.616012036838
51,8.280000000000001,54.15,5.261752924488927,46.0,17.0,24.0,24.0,42593.77100487172,9,5.0,Ammonia,432382.49616233725,6552.620888927734
52,8.48,54.15,5.402000785926582,47.0,31.0,25.0,24.0,44368.511463408046,9,5.0,Ammonia,450398.43350243464,6533.637727005376
53,8.68,54.15,5.84678919829263,52.0,4.0,28.0,27.0,49692.73283901701,9,5.0,Ammonia,504446.2455227268,6514.666648689013
54,8.88,54.15,5.850584909078242,52.0,4.0,28.0,27.0,49692.73283901701,9,5.0,Ammonia,504446.2455227268,6495.707777699108
55,9.08,54.15,6.4446242919162415,54.0,454.0,28.0,27.0,49692.73283901701,9,5.0,Ammonia,504446.2455227268,6476.761239075094
56,9.280000000000001,54.15,6.82718007924737,54.0,805.0,28.0,27.0,49692.73283901701,9,5.0,Ammonia,504446.2455227268,6457.827159193312
57,9.48,54.15,7.1148866696807405,54.0,1068.0,28.0,27.0,49692.73283901701,9,5.0,Ammonia,504446.2455227268,6438.905665785224
58,9.68,54.15,7.10280295675568,54.0,1053.0,28.0,27.0,49692.73283901701,9,5.0,Ammonia,504446.2455227268,6419.99688795586
59,9.88,54.15,7.105864291013776,54.0,1052.0,28.0,27.0,49692.73283901701,9,5.0,Ammonia,504446.2455227268,6401.1009562025065
60,6.08,53.95,5.128923070601004,44.0,6.0,24.0,24.0,42593.77100487172,9,5.0,Ammonia,432382.49616233725,6751.071837030415
61,6.28,53.95,5.119755874044705,44.0,0.0,24.0,24.0,42593.77100487172,9,5.0,Ammonia,432382.49616233725,6731.949013392396
62,6.48,53.95,5.119833112105867,44.0,2.0,24.0,24.0,42593.77100487172,9,5.0,Ammonia,432382.49616233725,6712.836990239163
63,6.680000000000001,53.95,5.125033525076866,44.0,8.0,24.0,24.0,42593.77100487172,9,5.0,Ammonia,432382.49616233725,6693.7358779304695
64,6.880000000000001,53.95,5.1247285619038045,44.0,8.0,24.0,24.0,42593.77100487172,9,5.0,Ammonia,432382.49616233725,6674.645787966927
65,7.08,53.95,5.173511137728093,45.0,4.0,24.0,24.0,42593.77100487172,9,5.0,Ammonia,432382.49616233725,6655.566833005614
66,7.28,53.95,5.245856600686318,46.0,21.0,24.0,24.0,42593.77100487172,9,5.0,Ammonia,432382.49616233725,6636.499126875916
67,7.48,53.95,5.294795711797218,46.0,-0.0,25.0,24.0,44368.511463408046,9,5.0,Ammonia,450398.43350243464,6617.442784595566
68,7.680000000000001,53.95,5.340830950759984,46.0,40.0,25.0,24.0,44368.511463408046,9,5.0,Ammonia,450398.43350243464,6598.397922386896
69,7.880000000000001,53.95,5.344112371465234,46.0,40.0,25.0,24.0,44368.511463408046,9,5.0,Ammonia,450398.43350243464,6579.364657693315
70,8.08,53.95,5.357998735691728,47.0,1.0,25.0,24.0,44368.511463408046,9,5.0,Ammonia,450398.43350243464,6560.343109196008
71,8.280000000000001,53.95,5.485731196164497,48.0,3.0,26.0,25.0,46143.251921944364,9,5.0,Ammonia,468414.370842532,6541.333396830844
72,8.48,53.95,5.7130008373961445,51.0,0.0,27.0,26.0,47917.99238048069,9,5.0,Ammonia,486430.3081826294,6522.33564180553
73,8.68,53.95,6.116644478989897,53.0,209.0,28.0,27.0,49692.73283901701,9,5.0,Ammonia,504446.2455227268,6503.34996661697
74,8.88,53.95,6.120737314648734,53.0,209.0,28.0,27.0,49692.73283901701,9,5.0,Ammonia,504446.2455227268,6484.376495068886
75,9.08,53.95,6.750987237063609,51.0,951.0,27.0,26.0,47917.99238048069,9,5.0,Ammonia,486430.3081826294,6465.4153522896495
76,9.280000000000001,53.95,7.087954197043141,53.0,1098.0,28.0,27.0,49692.73283901701,9,5.0,Ammonia,504446.2455227268,6446.466664750374
77,9.48,53.95,7.293435777443502,54.0,1236.0,28.0,27.0,49692.73283901701,9,5.0,Ammonia,504446.2455227268,6427.530560283235
78,9.68,53.95,7.27506332122422,54.0,1215.0,28.0,27.0,49692.73283901701,9,5.0,Ammonia,504446.2455227268,6408.607168100047
79,9.88,53.95,7.278288648764992,54.0,1214.0,28.0,27.0,49692.73283901701,9,5.0,Ammonia,504446.2455227268,6389.696618811072
80,6.08,53.75,5.12383519273837,44.0,6.0,24.0,24.0,42593.77100487172,9,5.0,Ammonia,432382.49616233725,6739.969734594186
81,6.28,53.75,5.113882864398737,44.0,0.0,24.0,24.0,42593.77100487172,9,5.0,Ammonia,432382.49616233725,6720.832305111451
82,6.48,53.75,5.113130226587481,44.0,2.0,24.0,24.0,42593.77100487172,9,5.0,Ammonia,432382.49616233725,6701.7056711209025
83,6.680000000000001,53.75,5.11766395831193,44.0,8.0,24.0,24.0,42593.77100487172,9,5.0,Ammonia,432382.49616233725,6682.589943005471
84,6.880000000000001,53.75,5.1171729544824505,44.0,8.0,24.0,24.0,42593.77100487172,9,5.0,Ammonia,432382.49616233725,6663.485232293434
85,7.08,53.75,5.166368462528002,45.0,4.0,24.0,24.0,42593.77100487172,9,5.0,Ammonia,432382.49616233725,6644.391651674125
86,7.28,53.75,5.239481577658943,46.0,21.0,24.0,24.0,42593.77100487172,9,5.0,Ammonia,432382.49616233725,6625.309315013894
87,7.48,53.75,5.289248309612486,46.0,-0.0,25.0,24.0,44368.511463408046,9,5.0,Ammonia,450398.43350243464,6606.238337372208
88,7.680000000000001,53.75,5.336026140484297,46.0,40.0,25.0,24.0,44368.511463408046,9,5.0,Ammonia,450398.43350243464,6587.178835018038
89,7.880000000000001,53.75,5.339930193991673,46.0,40.0,25.0,24.0,44368.511463408046,9,5.0,Ammonia,450398.43350243464,6568.130925446432
90,8.08,53.75,5.354327942391678,47.0,1.0,25.0,24.0,44368.511463408046,9,5.0,Ammonia,450398.43350243464,6549.094727395299
91,8.280000000000001,53.75,5.482480133274671,48.0,3.0,26.0,25.0,46143.251921944364,9,5.0,Ammonia,468414.370842532,6530.070360862445
92,8.48,53.75,5.710096926607518,51.0,0.0,27.0,26.0,47917.99238048069,9,5.0,Ammonia,486430.3081826294,6511.057947122833
93,8.68,53.75,6.114030815048062,53.0,209.0,28.0,27.0,49692.73283901701,9,5.0,Ammonia,504446.2455227268,6492.057608746055
94,8.88,53.75,6.1183691627632175,53.0,209.0,28.0,27.0,49692.73283901701,9,5.0,Ammonia,504446.2455227268,6473.06946961407
95,9.08,53.75,6.749449849880074,52.0,903.0,27.0,26.0,47917.99238048069,9,5.0,Ammonia,486430.3081826294,6454.093654939143
96,9.280000000000001,53.75,7.087056356468524,53.0,1099.0,28.0,27.0,49692.73283901701,9,5.0,Ammonia,504446.2455227268,6435.130291282073
97,9.48,53.75,7.291618059818515,54.0,1236.0,28.0,27.0,49692.73283901701,9,5.0,Ammonia,504446.2455227268,6416.179506570626
98,9.68,53.75,7.273385506877191,54.0,1215.0,28.0,27.0,49692.73283901701,9,5.0,Ammonia,504446.2455227268,6397.241430118238
99,9.88,53.75,7.2778137781410885,54.0,1215.0,28.0,27.0,49692.73283901701,9,5.0,Ammonia,504446.2455227268,6378.316192642971
100,6.08,53.550000000000004,5.260993069041782,46.0,39.0,24.0,24.0,42593.77100487172,9,5.0,Ammonia,432382.49616233725,6728.892940935161
101,6.28,53.550000000000004,5.265766235573538,45.0,96.0,24.0,24.0,42593.77100487172,9,5.0,Ammonia,432382.49616233725,6709.740847921206
102,6.48,53.550000000000004,5.3088554906393375,46.0,27.0,25.0,24.0,44368.511463408046,9,5.0,Ammonia,450398.43350243464,6690.59954475262
103,6.680000000000001,53.550000000000004,5.408435335887036,47.0,74.0,25.0,24.0,44368.511463408046,9,5.0,Ammonia,450398.43350243464,6671.469141830832
104,6.880000000000001,53.550000000000004,5.407263574975216,47.0,74.0,25.0,24.0,44368.511463408046,9,5.0,Ammonia,450398.43350243464,6652.349750707073
105,7.08,53.550000000000004,5.617347823625817,49.0,105.0,26.0,25.0,46143.251921944364,9,5.0,Ammonia,468414.370842532,6633.2414840982065
106,7.28,53.550000000000004,5.765208737552703,51.0,77.0,27.0,26.0,47917.99238048069,9,5.0,Ammonia,486430.3081826294,6614.14445590273
107,7.48,53.550000000000004,5.930697481821816,53.0,65.0,28.0,27.0,49692.73283901701,9,5.0,Ammonia,504446.2455227268,6595.058781217046
108,7.680000000000001,53.550000000000004,6.048300736408243,53.0,170.0,28.0,27.0,49692.73283901701,9,5.0,Ammonia,504446.2455227268,6575.9845763518915
109,7.880000000000001,53.550000000000004,6.052713072619362,53.0,170.0,28.0,27.0,49692.73283901701,9,5.0,Ammonia,504446.2455227268,6556.921958849038
110,8.08,53.550000000000004,6.080428010654261,54.0,143.0,28.0,27.0,49692.73283901701,9,5.0,Ammonia,504446.2455227268,6537.871047498188
111,8.280000000000001,53.550000000000004,6.236349601224663,53.0,332.0,28.0,27.0,49692.73283901701,9,5.0,Ammonia,504446.2455227268,6518.831962354108
112,8.48,53.550000000000004,6.43764479066097,51.0,676.0,27.0,26.0,47917.99238048069,9,5.0,Ammonia,486430.3081826294,6499.8048247539955
113,8.68,53.550000000000004,6.80992264678709,51.0,1017.0,27.0,26.0,47917.99238048069,9,5.0,Ammonia,486430.3081826294,6480.789757335078
114,8.88,53.550000000000004,6.814411555714802,51.0,1017.0,27.0,26.0,47917.99238048069,9,5.0,Ammonia,486430.3081826294,6461.786884052449
115,9.08,53.550000000000004,7.1775515432394315,53.0,1188.0,28.0,27.0,49692.73283901701,9,5.0,Ammonia,504446.2455227268,6442.79633019715
116,9.280000000000001,53.550000000000004,7.358476509840774,54.0,1303.0,28.0,27.0,49692.73283901701,9,5.0,Ammonia,504446.2455227268,6423.818222414497
117,9.48,53.550000000000004,7.406118221289645,54.0,1343.0,28.0,27.0,49692.73283901701,9,5.0,Ammonia,504446.2455227268,6404.852688722635
118,9.68,53.550000000000004,7.393361493875158,54.0,1327.0,28.0,27.0,49692.73283901701,9,5.0,Ammonia,504446.2455227268,6385.899858531395
119,9.88,53.550000000000004,7.397863460803347,54.0,1327.0,28.0,27.0,49692.73283901701,9,5.0,Ammonia,504446.2455227268,6366.959862661346
120,6.08,53.35,5.7372315656650175,51.0,45.0,27.0,26.0,47917.99238048069,9,5.0,Ammonia,486430.3081826294,6717.841632661468
121,6.28,53.35,5.849224702232051,52.0,40.0,28.0,27.0,49692.73283901701,9,5.0,Ammonia,504446.2455227268,6698.67481893087
122,6.48,53.35,5.963073989616196,53.0,101.0,28.0,27.0,49692.73283901701,9,5.0,Ammonia,504446.2455227268,6679.518788742399
123,6.680000000000001,53.35,6.05186215703604,53.0,187.0,28.0,27.0,49692.73283901701,9,5.0,Ammonia,504446.2455227268,6660.373652511235
124,6.880000000000001,53.35,6.0503033112499995,53.0,187.0,28.0,27.0,49692.73283901701,9,5.0,Ammonia,504446.2455227268,6641.239521806804
125,7.08,53.35,6.326697452248689,52.0,489.0,28.0,27.0,49692.73283901701,9,5.0,Ammonia,504446.2455227268,6622.116509368659
126,7.28,53.35,6.523492127922295,53.0,619.0,28.0,27.0,49692.73283901701,9,5.0,Ammonia,504446.2455227268,6603.004729122623
127,7.48,53.35,6.711695044812716,52.0,838.0,28.0,27.0,49692.73283901701,9,5.0,Ammonia,504446.2455227268,6583.9042961971145
128,7.680000000000001,53.35,6.848352664523959,53.0,912.0,28.0,27.0,49692.73283901701,9,5.0,Ammonia,504446.2455227268,6564.815326939712
129,7.880000000000001,53.35,6.8528309895119115,53.0,912.0,28.0,27.0,49692.73283901701,9,5.0,Ammonia,504446.2455227268,6545.737938933936
130,8.08,53.35,6.933902796911542,53.0,983.0,28.0,27.0,49692.73283901701,9,5.0,Ammonia,504446.2455227268,6526.672251016266
131,8.280000000000001,53.35,7.034397501882776,53.0,1072.0,28.0,27.0,49692.73283901701,9,5.0,Ammonia,504446.2455227268,6507.618383293373
132,8.48,53.35,7.186669290898485,53.0,1209.0,28.0,27.0,49692.73283901701,9,5.0,Ammonia,504446.2455227268,6488.576457159602
133,8.68,53.35,7.350351171601341,54.0,1308.0,28.0,27.0,49692.73283901701,9,5.0,Ammonia,504446.2455227268,6469.5465953146795
134,8.88,53.35,7.354864084395255,54.0,1308.0,28.0,27.0,49692.73283901701,9,5.0,Ammonia,504446.2455227268,6450.528921781668
135,9.08,53.35,7.519628895582667,55.0,1408.0,28.0,27.0,49692.73283901701,9,5.0,Ammonia,504446.2455227268,6431.52356192517
136,9.280000000000001,53.35,7.491166969040235,54.0,1426.0,28.0,27.0,49692.73283901701,9,5.0,Ammonia,504446.2455227268,6412.530642469764
137,9.48,53.35,7.470876794726576,54.0,1403.0,28.0,27.0,49692.73283901701,9,5.0,Ammonia,504446.2455227268,6393.550291518709
138,9.68,53.35,7.458137423262253,54.0,1387.0,28.0,27.0,49692.73283901701,9,5.0,Ammonia,504446.2455227268,6374.582638572888
139,9.88,53.35,7.461577286551091,54.0,1386.0,28.0,27.0,49692.73283901701,9,5.0,Ammonia,504446.2455227268,6355.627814550032
140,6.08,53.15,6.308911916307179,54.0,298.0,29.0,28.0,51467.47329755333,9,5.0,Ammonia,522462.1828628242,6706.815986952923
141,6.28,53.15,6.530643077865967,54.0,507.0,29.0,28.0,51467.47329755333,9,5.0,Ammonia,522462.1828628242,6687.634395828735
142,6.48,53.15,6.594352513375231,54.0,569.0,29.0,28.0,51467.47329755333,9,5.0,Ammonia,522462.1828628242,6668.4635812848355
143,6.680000000000001,53.15,6.632704874539459,55.0,558.0,29.0,28.0,51467.47329755333,9,5.0,Ammonia,522462.1828628242,6649.303653745379
144,6.880000000000001,53.15,6.63213976202561,55.0,558.0,29.0,28.0,51467.47329755333,9,5.0,Ammonia,522462.1828628242,6630.154724793129
145,7.08,53.15,6.764443712298476,53.0,841.0,28.0,27.0,49692.73283901701,9,5.0,Ammonia,504446.2455227268,6611.016907185461
146,7.28,53.15,6.905143477242744,53.0,969.0,28.0,27.0,49692.73283901701,9,5.0,Ammonia,504446.2455227268,6591.890314870586
147,7.48,53.15,7.054165875470129,53.0,1104.0,28.0,27.0,49692.73283901701,9,5.0,Ammonia,504446.2455227268,6572.775063003984
148,7.680000000000001,53.15,7.1945142062313705,54.0,1182.0,28.0,27.0,49692.73283901701,9,5.0,Ammonia,504446.2455227268,6553.671267965065
149,7.880000000000001,53.15,7.198571030738762,54.0,1182.0,28.0,27.0,49692.73283901701,9,5.0,Ammonia,504446.2455227268,6534.579047374054
150,8.08,53.15,7.3235653368216145,54.0,1294.0,28.0,27.0,49692.73283901701,9,5.0,Ammonia,504446.2455227268,6515.498520109123
151,8.280000000000001,53.15,7.4082811466723415,55.0,1320.0,28.0,27.0,49692.73283901701,9,5.0,Ammonia,504446.2455227268,6496.429806323715
152,8.48,53.15,7.436348156181647,55.0,1342.0,28.0,27.0,49692.73283901701,9,5.0,Ammonia,504446.2455227268,6477.373027464153
153,8.68,53.15,7.532405871881971,55.0,1427.0,28.0,27.0,49692.73283901701,9,5.0,Ammonia,504446.2455227268,6458.328306287455
154,8.88,53.15,7.535735144284625,55.0,1426.0,28.0,27.0,49692.73283901701,9,5.0,Ammonia,504446.2455227268,6439.295766879405
155,9.08,53.15,7.617140196818463,55.0,1433.0,29.0,28.0,51467.47329755333,9,5.0,Ammonia,522462.1828628242,6420.275534672874
156,9.280000000000001,53.15,7.596779029655007,55.0,1410.0,29.0,28.0,51467.47329755333,9,5.0,Ammonia,522462.1828628242,6401.267736466378
157,9.48,53.15,7.571719893997139,55.0,1447.0,28.0,27.0,49692.73283901701,9,5.0,Ammonia,504446.2455227268,6382.272500442917
158,9.68,53.15,7.5470675215755225,55.0,1420.0,28.0,27.0,49692.73283901701,9,5.0,Ammonia,504446.2455227268,6363.2899561890235
159,9.88,53.15,7.550466365271994,55.0,1419.0,28.0,27.0,49692.73283901701,9,5.0,Ammonia,504446.2455227268,6344.320234714137
160,6.08,52.95,6.576920036874072,54.0,542.0,29.0,28.0,51467.47329755333,9,5.0,Ammonia,522462.1828628242,6695.81618156019
161,6.28,52.95,6.805927895363367,54.0,757.0,29.0,28.0,51467.47329755333,9,5.0,Ammonia,522462.1828628242,6676.619756881359
162,6.48,52.95,6.850670047949365,55.0,752.0,29.0,28.0,51467.47329755333,9,5.0,Ammonia,522462.1828628242,6657.434101160306
163,6.680000000000001,52.95,6.8428013918538735,55.0,746.0,29.0,28.0,51467.47329755333,9,5.0,Ammonia,522462.1828628242,6638.259324825282
164,6.880000000000001,52.95,6.842463723143442,55.0,746.0,29.0,28.0,51467.47329755333,9,5.0,Ammonia,522462.1828628242,6619.095539467491
165,7.08,52.95,6.9370784492409925,55.0,833.0,29.0,28.0,51467.47329755333,9,5.0,Ammonia,522462.1828628242,6599.94285785718
166,7.28,52.95,7.027291133066046,55.0,915.0,29.0,28.0,51467.47329755333,9,5.0,Ammonia,522462.1828628242,6580.801393959952
167,7.48,52.95,7.178731321762038,54.0,1166.0,28.0,27.0,49692.73283901701,9,5.0,Ammonia,504446.2455227268,6561.6712629533195
168,7.680000000000001,52.95,7.333830305621235,55.0,1194.0,29.0,28.0,51467.47329755333,9,5.0,Ammonia,522462.1828628242,6542.552581243447
169,7.880000000000001,52.95,7.337288230533894,55.0,1194.0,29.0,28.0,51467.47329755333,9,5.0,Ammonia,522462.1828628242,6523.445466482148
170,8.08,52.95,7.488771670619611,55.0,1331.0,29.0,28.0,51467.47329755333,9,5.0,Ammonia,522462.1828628242,6504.350037584115
171,8.280000000000001,52.95,7.549837564429358,55.0,1384.0,29.0,28.0,51467.47329755333,9,5.0,Ammonia,522462.1828628242,6485.266414744371
172,8.48,52.95,7.549555858066095,55.0,1380.0,29.0,28.0,51467.47329755333,9,5.0,Ammonia,522462.1828628242,6466.194719455969
173,8.68,52.95,7.5946708055879935,55.0,1418.0,29.0,28.0,51467.47329755333,9,5.0,Ammonia,522462.1828628242,6447.1350745279315
174,8.88,52.95,7.597793672375586,55.0,1417.0,29.0,28.0,51467.47329755333,9,5.0,Ammonia,522462.1828628242,6428.087604103439
175,9.08,52.95,7.6268578838038374,55.0,1440.0,29.0,28.0,51467.47329755333,9,5.0,Ammonia,522462.1828628242,6409.05243367826
176,9.280000000000001,52.95,7.632236730001035,55.0,1441.0,29.0,28.0,51467.47329755333,9,5.0,Ammonia,522462.1828628242,6390.02969011944
177,9.48,52.95,7.619314148749085,55.0,1425.0,29.0,28.0,51467.47329755333,9,5.0,Ammonia,522462.1828628242,6371.019501684259
178,9.68,52.95,7.634462245010123,55.0,1435.0,29.0,28.0,51467.47329755333,9,5.0,Ammonia,522462.1828628242,6352.021998039419
179,9.88,52.95,7.637768574215263,55.0,1434.0,29.0,28.0,51467.47329755333,9,5.0,Ammonia,522462.1828628242,6333.037310280528
180,6.08,52.75,6.582867828997396,54.0,542.0,29.0,28.0,51467.47329755333,9,5.0,Ammonia,522462.1828628242,6684.842394803779
181,6.28,52.75,6.812468594579285,54.0,757.0,29.0,28.0,51467.47329755333,9,5.0,Ammonia,522462.1828628242,6665.63108093267
182,6.48,52.75,6.857754843718201,55.0,752.0,29.0,28.0,51467.47329755333,9,5.0,Ammonia,522462.1828628242,6646.430527734102
183,6.680000000000001,52.75,6.850265098169765,55.0,746.0,29.0,28.0,51467.47329755333,9,5.0,Ammonia,522462.1828628242,6627.240845635506
184,6.880000000000001,52.75,6.850024390085647,55.0,746.0,29.0,28.0,51467.47329755333,9,5.0,Ammonia,522462.1828628242,6608.062146231545
185,7.08,52.75,6.944418799124609,55.0,833.0,29.0,28.0,51467.47329755333,9,5.0,Ammonia,522462.1828628242,6588.894542300323
186,7.28,52.75,7.034170842118108,55.0,915.0,29.0,28.0,51467.47329755333,9,5.0,Ammonia,522462.1828628242,6569.738147819787
187,7.48,52.75,7.185035543210601,54.0,1166.0,28.0,27.0,49692.73283901701,9,5.0,Ammonia,504446.2455227268,6550.593077984365
188,7.680000000000001,52.75,7.339545195674157,55.0,1194.0,29.0,28.0,51467.47329755333,9,5.0,Ammonia,522462.1828628242,6531.459449221829
189,7.880000000000001,52.75,7.3424551996799075,55.0,1194.0,29.0,28.0,51467.47329755333,9,5.0,Ammonia,522462.1828628242,6512.337379210395
190,8.08,52.75,7.493453095864419,55.0,1331.0,29.0,28.0,51467.47329755333,9,5.0,Ammonia,522462.1828628242,6493.226986896047
191,8.280000000000001,52.75,7.555176914565914,55.0,1385.0,29.0,28.0,51467.47329755333,9,5.0,Ammonia,522462.1828628242,6474.1283925101025
192,8.48,52.75,7.553455466533922,55.0,1380.0,29.0,28.0,51467.47329755333,9,5.0,Ammonia,522462.1828628242,6455.0417175870325
193,8.68,52.75,7.5982608558719384,55.0,1418.0,29.0,28.0,51467.47329755333,9,5.0,Ammonia,522462.1828628242,6435.96708498249
194,8.88,52.75,7.601117830888019,55.0,1417.0,29.0,28.0,51467.47329755333,9,5.0,Ammonia,522462.1828628242,6416.904618891644
195,9.08,52.75,7.6310313008863035,55.0,1441.0,29.0,28.0,51467.47329755333,9,5.0,Ammonia,522462.1828628242,6397.854444867714
196,9.280000000000001,52.75,7.635132810517524,55.0,1441.0,29.0,28.0,51467.47329755333,9,5.0,Ammonia,522462.1828628242,6378.816689840788
197,9.48,52.75,7.622037047338332,55.0,1425.0,29.0,28.0,51467.47329755333,9,5.0,Ammonia,522462.1828628242,6359.79148213689
198,9.68,52.75,7.637033456951853,55.0,1435.0,29.0,28.0,51467.47329755333,9,5.0,Ammonia,522462.1828628242,6340.778951497309
199,9.88,52.75,7.640206258047327,55.0,1434.0,29.0,28.0,51467.47329755333,9,5.0,Ammonia,522462.1828628242,6321.779229098213
200,6.08,52.550000000000004,6.776515880511758,52.0,877.0,28.0,27.0,49692.73283901701,9,5.0,Ammonia,504446.2455227268,6673.894805573014
201,6.28,52.550000000000004,6.972636660974951,53.0,1012.0,28.0,27.0,49692.73283901701,9,5.0,Ammonia,504446.2455227268,6654.668547402948
202,6.48,52.550000000000004,7.0187232325477265,53.0,1056.0,28.0,27.0,49692.73283901701,9,5.0,Ammonia,504446.2455227268,6635.453040955496
203,6.680000000000001,52.550000000000004,7.0232551792267515,54.0,948.0,29.0,28.0,51467.47329755333,9,5.0,Ammonia,522462.1828628242,6616.2483966522595
204,6.880000000000001,52.550000000000004,7.023067926598015,54.0,948.0,29.0,28.0,51467.47329755333,9,5.0,Ammonia,522462.1828628242,6597.054726086333
205,7.08,52.550000000000004,7.09253214934144,54.0,1012.0,29.0,28.0,51467.47329755333,9,5.0,Ammonia,522462.1828628242,6577.872142038586
206,7.28,52.550000000000004,7.1691283431349415,53.0,1195.0,28.0,27.0,49692.73283901701,9,5.0,Ammonia,504446.2455227268,6558.700758494187
207,7.48,52.550000000000004,7.283900154103608,54.0,1187.0,29.0,28.0,51467.47329755333,9,5.0,Ammonia,522462.1828628242,6539.540690659305
208,7.680000000000001,52.550000000000004,7.421405932833543,55.0,1264.0,29.0,28.0,51467.47329755333,9,5.0,Ammonia,522462.1828628242,6520.392054978107
209,7.880000000000001,52.550000000000004,7.423876655431715,55.0,1264.0,29.0,28.0,51467.47329755333,9,5.0,Ammonia,522462.1828628242,6501.254969149939
210,8.08,52.550000000000004,7.562586692691748,55.0,1390.0,29.0,28.0,51467.47329755333,9,5.0,Ammonia,522462.1828628242,6482.129552146771
211,8.280000000000001,52.550000000000004,7.622838282829656,55.0,1443.0,29.0,28.0,51467.47329755333,9,5.0,Ammonia,522462.1828628242,6463.015924230867
212,8.48,52.550000000000004,7.62507306930026,55.0,1442.0,29.0,28.0,51467.47329755333,9,5.0,Ammonia,522462.1828628242,6443.914206972708
213,8.68,52.550000000000004,7.6490637566992445,55.0,1461.0,29.0,28.0,51467.47329755333,9,5.0,Ammonia,522462.1828628242,6424.824523269146
214,8.88,52.550000000000004,7.651633466623013,55.0,1460.0,29.0,28.0,51467.47329755333,9,5.0,Ammonia,522462.1828628242,6405.746997361855
215,9.08,52.550000000000004,7.654326711988409,55.0,1459.0,29.0,28.0,51467.47329755333,9,5.0,Ammonia,522462.1828628242,6386.681754855974
216,9.280000000000001,52.550000000000004,7.661436237172766,55.0,1462.0,29.0,28.0,51467.47329755333,9,5.0,Ammonia,522462.1828628242,6367.628922739049
217,9.48,52.550000000000004,7.681573420452382,55.0,1477.0,29.0,28.0,51467.47329755333,9,5.0,Ammonia,522462.1828628242,6348.5886294002385
218,9.68,52.550000000000004,7.724431619644284,55.0,1513.0,29.0,28.0,51467.47329755333,9,5.0,Ammonia,522462.1828628242,6329.561004649759
219,9.88,52.550000000000004,7.72744221630122,55.0,1512.0,29.0,28.0,51467.47329755333,9,5.0,Ammonia,522462.1828628242,6310.546179738628
220,6.08,52.35,6.976444837292864,52.0,1056.0,28.0,27.0,49692.73283901701,9,5.0,Ammonia,504446.2455227268,6662.973593324851
221,6.28,52.35,7.071932185070019,52.0,1146.0,28.0,27.0,49692.73283901701,9,5.0,Ammonia,504446.2455227268,6643.732336287741
222,6.48,52.35,7.152306143934427,53.0,1173.0,28.0,27.0,49692.73283901701,9,5.0,Ammonia,504446.2455227268,6624.501821356689
223,6.680000000000001,52.35,7.190476544572983,53.0,1209.0,28.0,27.0,49692.73283901701,9,5.0,Ammonia,504446.2455227268,6605.282158942421
224,6.880000000000001,52.35,7.190323107967532,53.0,1209.0,28.0,27.0,49692.73283901701,9,5.0,Ammonia,504446.2455227268,6586.073460631358
225,7.08,52.35,7.256473424343349,53.0,1270.0,28.0,27.0,49692.73283901701,9,5.0,Ammonia,504446.2455227268,6566.875839201989
226,7.28,52.35,7.322663437353404,54.0,1282.0,28.0,27.0,49692.73283901701,9,5.0,Ammonia,504446.2455227268,6547.689408641491
227,7.48,52.35,7.409590435169583,54.0,1297.0,29.0,28.0,51467.47329755333,9,5.0,Ammonia,522462.1828628242,6528.5142841625475
228,7.680000000000001,52.35,7.499783659923524,54.0,1379.0,29.0,28.0,51467.47329755333,9,5.0,Ammonia,522462.1828628242,6509.350582220421
229,7.880000000000001,52.35,7.500834655670261,54.0,1378.0,29.0,28.0,51467.47329755333,9,5.0,Ammonia,522462.1828628242,6490.19842053026
230,8.08,52.35,7.558923252156538,55.0,1381.0,29.0,28.0,51467.47329755333,9,5.0,Ammonia,522462.1828628242,6471.057918084639
231,8.280000000000001,52.35,7.602654019152475,55.0,1419.0,29.0,28.0,51467.47329755333,9,5.0,Ammonia,522462.1828628242,6451.929195171333
232,8.48,52.35,7.625513284619909,54.0,1486.0,29.0,28.0,51467.47329755333,9,5.0,Ammonia,522462.1828628242,6432.812373391361
233,8.68,52.35,7.669233510502478,55.0,1475.0,29.0,28.0,51467.47329755333,9,5.0,Ammonia,522462.1828628242,6413.707575677268
234,8.88,52.35,7.671978466651977,54.0,1523.0,29.0,28.0,51467.47329755333,9,5.0,Ammonia,522462.1828628242,6394.614926311649
235,9.08,52.35,7.718176070329033,55.0,1514.0,29.0,28.0,51467.47329755333,9,5.0,Ammonia,522462.1828628242,6375.534550945959
236,9.280000000000001,52.35,7.773981080880727,55.0,1498.0,30.0,29.0,53242.21375608965,9,5.0,Ammonia,540478.1202029216,6356.466576619553
237,9.48,52.35,7.8165523626204685,55.0,1534.0,30.0,29.0,53242.21375608965,9,5.0,Ammonia,540478.1202029216,6337.411131779015
238,9.68,52.35,7.8162949780473525,56.0,1546.0,29.0,28.0,51467.47329755333,9,5.0,Ammonia,522462.1828628242,6318.368346297742
239,9.88,52.35,7.819126528373812,56.0,1545.0,29.0,28.0,51467.47329755333,9,5.0,Ammonia,522462.1828628242,6299.338351495818
240,6.08,52.15,7.111856405311434,52.0,1175.0,28.0,27.0,49692.73283901701,9,5.0,Ammonia,504446.2455227268,6652.078938082619
241,6.28,52.15,7.185989743858756,52.0,1245.0,28.0,27.0,49692.73283901701,9,5.0,Ammonia,504446.2455227268,6632.822628156629
242,6.48,52.15,7.2988857333711605,53.0,1302.0,28.0,27.0,49692.73283901701,9,5.0,Ammonia,504446.2455227268,6613.577050051668
243,6.680000000000001,52.15,7.349018933137401,53.0,1349.0,28.0,27.0,49692.73283901701,9,5.0,Ammonia,504446.2455227268,6594.342314162456
244,6.880000000000001,52.15,7.348888803584514,53.0,1349.0,28.0,27.0,49692.73283901701,9,5.0,Ammonia,504446.2455227268,6575.118532063571
245,7.08,52.15,7.383706356871949,53.0,1381.0,28.0,27.0,49692.73283901701,9,5.0,Ammonia,504446.2455227268,6555.9058165259075
246,7.28,52.15,7.443695114016645,54.0,1323.0,29.0,28.0,51467.47329755333,9,5.0,Ammonia,522462.1828628242,6536.704281533386
247,7.48,52.15,7.503073513276849,54.0,1377.0,29.0,28.0,51467.47329755333,9,5.0,Ammonia,522462.1828628242,6517.514042299887
248,7.680000000000001,52.15,7.564989372520946,54.0,1433.0,29.0,28.0,51467.47329755333,9,5.0,Ammonia,522462.1828628242,6498.335215286416
249,7.880000000000001,52.15,7.566853204654883,54.0,1433.0,29.0,28.0,51467.47329755333,9,5.0,Ammonia,522462.1828628242,6479.16791821851
250,8.08,52.15,7.563637750472819,54.0,1428.0,29.0,28.0,51467.47329755333,9,5.0,Ammonia,522462.1828628242,6460.01227010389
251,8.280000000000001,52.15,7.585508208944392,54.0,1446.0,29.0,28.0,51467.47329755333,9,5.0,Ammonia,522462.1828628242,6440.8683912503475
252,8.48,52.15,7.6302739354205595,54.0,1485.0,29.0,28.0,51467.47329755333,9,5.0,Ammonia,522462.1828628242,6421.736403283895
253,8.68,52.15,7.68819679850567,54.0,1536.0,29.0,28.0,51467.47329755333,9,5.0,Ammonia,522462.1828628242,6402.616429167154
254,8.88,52.15,7.691298619068065,54.0,1536.0,29.0,28.0,51467.47329755333,9,5.0,Ammonia,522462.1828628242,6383.508593218014
255,9.08,52.15,7.809908628421844,55.0,1530.0,30.0,29.0,53242.21375608965,9,5.0,Ammonia,540478.1202029216,6364.413021128547
256,9.280000000000001,52.15,7.901755906840562,55.0,1612.0,30.0,29.0,53242.21375608965,9,5.0,Ammonia,540478.1202029216,6345.329839984174
257,9.48,52.15,8.028860204115391,56.0,1678.0,30.0,29.0,53242.21375608965,9,5.0,Ammonia,540478.1202029216,6326.259178283124
258,9.68,52.15,8.005527569388118,56.0,1653.0,30.0,29.0,53242.21375608965,9,5.0,Ammonia,540478.1202029216,6307.201165956147
259,9.88,52.15,8.008173105000564,56.0,1652.0,30.0,29.0,53242.21375608965,9,5.0,Ammonia,540478.1202029216,6288.1559343865065
260,6.08,51.95,7.246315339174305,52.0,1293.0,28.0,27.0,49692.73283901701,9,5.0,Ammonia,504446.2455227268,6641.211020434662
261,6.28,51.95,7.343885287783728,53.0,1336.0,28.0,27.0,49692.73283901701,9,5.0,Ammonia,504446.2455227268,6621.939604151947
262,6.48,51.95,7.454747092761789,54.0,1391.0,28.0,27.0,49692.73283901701,9,5.0,Ammonia,504446.2455227268,6602.678908734954
263,6.680000000000001,51.95,7.45318104602157,54.0,1390.0,28.0,27.0,49692.73283901701,9,5.0,Ammonia,504446.2455227268,6583.429044557219
264,6.880000000000001,51.95,7.4524472452713875,53.0,1438.0,28.0,27.0,49692.73283901701,9,5.0,Ammonia,504446.2455227268,6564.190123176234
265,7.08,51.95,7.438689283187086,53.0,1425.0,28.0,27.0,49692.73283901701,9,5.0,Ammonia,504446.2455227268,6544.962257350013
266,7.28,51.95,7.474855929425851,54.0,1345.0,29.0,28.0,51467.47329755333,9,5.0,Ammonia,522462.1828628242,6525.7455610538955
267,7.48,51.95,7.529778879809672,54.0,1395.0,29.0,28.0,51467.47329755333,9,5.0,Ammonia,522462.1828628242,6506.540149497569
268,7.680000000000001,51.95,7.602300145216333,54.0,1461.0,29.0,28.0,51467.47329755333,9,5.0,Ammonia,522462.1828628242,6487.346139142351
269,7.880000000000001,51.95,7.603953980979721,54.0,1461.0,29.0,28.0,51467.47329755333,9,5.0,Ammonia,522462.1828628242,6468.163647718691
270,8.08,51.95,7.6134513267884065,54.0,1468.0,29.0,28.0,51467.47329755333,9,5.0,Ammonia,522462.1828628242,6448.992794243927
271,8.280000000000001,51.95,7.601644242653069,54.0,1455.0,29.0,28.0,51467.47329755333,9,5.0,Ammonia,522462.1828628242,6429.833699040285
272,8.48,51.95,7.635378193107803,54.0,1484.0,29.0,28.0,51467.47329755333,9,5.0,Ammonia,522462.1828628242,6410.686483753147
273,8.68,51.95,7.704920697215894,54.0,1546.0,29.0,28.0,51467.47329755333,9,5.0,Ammonia,522462.1828628242,6391.551271369535
274,8.88,51.95,7.706704721687731,54.0,1545.0,29.0,28.0,51467.47329755333,9,5.0,Ammonia,522462.1828628242,6372.428186236913
275,9.08,51.95,7.856362629615303,55.0,1568.0,30.0,29.0,53242.21375608965,9,5.0,Ammonia,540478.1202029216,6353.31735408219
276,9.280000000000001,51.95,8.094156590057596,57.0,1624.0,31.0,30.0,55016.95421462597,9,5.0,Ammonia,558494.057543019,6334.21890203104
277,9.48,51.95,8.295473443686431,58.0,1759.0,31.0,30.0,55016.95421462597,9,5.0,Ammonia,558494.057543019,6315.132958627468
278,9.68,51.95,8.324793629363166,58.0,1783.0,31.0,30.0,55016.95421462597,9,5.0,Ammonia,558494.057543019,6296.059653853653
279,9.88,51.95,8.327253572984075,58.0,1782.0,31.0,30.0,55016.95421462597,9,5.0,Ammonia,558494.057543019,6276.999119150078
280,6.08,51.75,7.254665464983635,52.0,1294.0,28.0,27.0,49692.73283901701,9,5.0,Ammonia,504446.2455227268,6630.37002153286
281,6.28,51.75,7.3512868328633045,53.0,1336.0,28.0,27.0,49692.73283901701,9,5.0,Ammonia,504446.2455227268,6611.083445987353
282,6.48,51.75,7.462243729219179,54.0,1391.0,28.0,27.0,49692.73283901701,9,5.0,Ammonia,504446.2455227268,6591.807579680254
283,6.680000000000001,51.75,7.461191044349703,53.0,1439.0,28.0,27.0,49692.73283901701,9,5.0,Ammonia,504446.2455227268,6572.542532958663
284,6.880000000000001,51.75,7.4606330676638635,54.0,1390.0,28.0,27.0,49692.73283901701,9,5.0,Ammonia,504446.2455227268,6553.288417357686
285,7.08,51.75,7.446224197450418,53.0,1425.0,28.0,27.0,49692.73283901701,9,5.0,Ammonia,504446.2455227268,6534.045345617108
286,7.28,51.75,7.482319052951155,54.0,1345.0,29.0,28.0,51467.47329755333,9,5.0,Ammonia,522462.1828628242,6514.813431698278
287,7.48,51.75,7.538210881407837,54.0,1396.0,29.0,28.0,51467.47329755333,9,5.0,Ammonia,522462.1828628242,6495.592790801247
288,7.680000000000001,51.75,7.609511218030865,54.0,1461.0,29.0,28.0,51467.47329755333,9,5.0,Ammonia,522462.1828628242,6476.383539382139
289,7.880000000000001,51.75,7.610996238411546,54.0,1461.0,29.0,28.0,51467.47329755333,9,5.0,Ammonia,522462.1828628242,6457.18579517076
290,8.08,51.75,7.620304786124118,54.0,1468.0,29.0,28.0,51467.47329755333,9,5.0,Ammonia,522462.1828628242,6437.9996771884635
291,8.280000000000001,51.75,7.60829515357261,54.0,1455.0,29.0,28.0,51467.47329755333,9,5.0,Ammonia,522462.1828628242,6418.825305766265
292,8.48,51.75,7.642896988221292,54.0,1485.0,29.0,28.0,51467.47329755333,9,5.0,Ammonia,522462.1828628242,6399.6628025632
293,8.68,51.75,7.711146848276027,54.0,1546.0,29.0,28.0,51467.47329755333,9,5.0,Ammonia,522462.1828628242,6380.51229058495
294,8.88,51.75,7.713795871688121,54.0,1546.0,29.0,28.0,51467.47329755333,9,5.0,Ammonia,522462.1828628242,6361.3738942027385
295,9.08,51.75,7.863243680720704,55.0,1569.0,30.0,29.0,53242.21375608965,9,5.0,Ammonia,540478.1202029216,6342.24773917247
296,9.280000000000001,51.75,8.100833227997736,57.0,1625.0,31.0,30.0,55016.95421462597,9,5.0,Ammonia,558494.057543019,6323.13395265416
297,9.48,51.75,8.30087432035417,58.0,1759.0,31.0,30.0,55016.95421462597,9,5.0,Ammonia,558494.057543019,6304.032663231638
298,9.68,51.75,8.330005553867581,58.0,1783.0,31.0,30.0,55016.95421462597,9,5.0,Ammonia,558494.057543019,6284.944000932509
299,9.88,51.75,8.33228535791791,58.0,1782.0,31.0,30.0,55016.95421462597,9,5.0,Ammonia,558494.057543019,6265.868097248425
300,6.08,51.550000000000004,7.374168392017711,52.0,1398.0,28.0,27.0,49692.73283901701,9,5.0,Ammonia,504446.2455227268,6619.556123091065
301,6.28,51.550000000000004,7.464422695843117,53.0,1434.0,28.0,27.0,49692.73283901701,9,5.0,Ammonia,504446.2455227268,6600.254335946315
302,6.48,51.550000000000004,7.5075048815653975,54.0,1426.0,28.0,27.0,49692.73283901701,9,5.0,Ammonia,504446.2455227268,6580.963245738991
303,6.680000000000001,51.550000000000004,7.48276735200154,53.0,1452.0,28.0,27.0,49692.73283901701,9,5.0,Ammonia,504446.2455227268,6561.682962784435
304,6.880000000000001,51.550000000000004,7.48267748153541,53.0,1452.0,28.0,27.0,49692.73283901701,9,5.0,Ammonia,504446.2455227268,6542.4135985900075
305,7.08,51.550000000000004,7.418172393877331,53.0,1392.0,28.0,27.0,49692.73283901701,9,5.0,Ammonia,504446.2455227268,6523.1552658718365
306,7.28,51.550000000000004,7.42838587809461,53.0,1401.0,28.0,27.0,49692.73283901701,9,5.0,Ammonia,504446.2455227268,6503.908078571814
307,7.48,51.550000000000004,7.495372468712586,53.0,1398.0,29.0,28.0,51467.47329755333,9,5.0,Ammonia,522462.1828628242,6484.672151874831
308,7.680000000000001,51.550000000000004,7.581658029089638,53.0,1477.0,29.0,28.0,51467.47329755333,9,5.0,Ammonia,522462.1828628242,6465.447602226245
309,7.880000000000001,51.550000000000004,7.583005038537565,53.0,1477.0,29.0,28.0,51467.47329755333,9,5.0,Ammonia,522462.1828628242,6446.2345473496
310,8.08,51.550000000000004,7.6413135782591315,54.0,1481.0,29.0,28.0,51467.47329755333,9,5.0,Ammonia,522462.1828628242,6427.033106264588
311,8.280000000000001,51.550000000000004,7.592919403196781,53.0,1483.0,29.0,28.0,51467.47329755333,9,5.0,Ammonia,522462.1828628242,6407.843399305274
312,8.48,51.550000000000004,7.616096945301703,54.0,1454.0,29.0,28.0,51467.47329755333,9,5.0,Ammonia,522462.1828628242,6388.665548138581
313,8.68,51.550000000000004,7.684160157613425,54.0,1515.0,29.0,28.0,51467.47329755333,9,5.0,Ammonia,522462.1828628242,6369.499675783008
314,8.88,51.550000000000004,7.685541283988244,54.0,1514.0,29.0,28.0,51467.47329755333,9,5.0,Ammonia,522462.1828628242,6350.345906627659
315,9.08,51.550000000000004,7.927557462841932,55.0,1623.0,30.0,29.0,53242.21375608965,9,5.0,Ammonia,540478.1202029216,6331.204366451504
316,9.280000000000001,51.550000000000004,8.213496017795434,57.0,1724.0,31.0,30.0,55016.95421462597,9,5.0,Ammonia,558494.057543019,6312.075182442909
317,9.48,51.550000000000004,8.504971853762402,59.0,1830.0,32.0,31.0,56791.694673162296,9,5.0,Ammonia,576509.9948831163,6292.9584832194905
318,9.68,51.550000000000004,8.588932785431517,59.0,1905.0,32.0,31.0,56791.694673162296,9,5.0,Ammonia,576509.9948831163,6273.854398848195
319,9.88,51.550000000000004,8.59104099811724,59.0,1904.0,32.0,31.0,56791.694673162296,9,5.0,Ammonia,576509.9948831163,6254.7630608657
320,6.08,51.35,7.4598206847212,53.0,1422.0,28.0,27.0,49692.73283901701,9,5.0,Ammonia,504446.2455227268,6608.769507383405
321,6.28,51.35,7.513946791921059,53.0,1473.0,28.0,27.0,49692.73283901701,9,5.0,Ammonia,504446.2455227268,6589.4524568804845
322,6.48,51.35,7.535518977790108,54.0,1445.0,28.0,27.0,49692.73283901701,9,5.0,Ammonia,504446.2455227268,6570.146090338739
323,6.680000000000001,51.35,7.5470306963549145,54.0,1456.0,28.0,27.0,49692.73283901701,9,5.0,Ammonia,504446.2455227268,6550.8505180363745
324,6.880000000000001,51.35,7.546949096472035,54.0,1456.0,28.0,27.0,49692.73283901701,9,5.0,Ammonia,504446.2455227268,6531.56585144756
325,7.08,51.35,7.4548396302031,53.0,1419.0,28.0,27.0,49692.73283901701,9,5.0,Ammonia,504446.2455227268,6512.292203259293
326,7.28,51.35,7.412614608751658,52.0,1428.0,28.0,27.0,49692.73283901701,9,5.0,Ammonia,504446.2455227268,6493.029687388468
327,7.48,51.35,7.417654349783166,52.0,1432.0,28.0,27.0,49692.73283901701,9,5.0,Ammonia,504446.2455227268,6473.778418999227
328,7.680000000000001,51.35,7.567420189107246,53.0,1457.0,29.0,28.0,51467.47329755333,9,5.0,Ammonia,522462.1828628242,6454.538514520514
329,7.880000000000001,51.35,7.568652615347854,53.0,1457.0,29.0,28.0,51467.47329755333,9,5.0,Ammonia,522462.1828628242,6435.310091663906
330,8.08,51.35,7.657029763539987,54.0,1489.0,29.0,28.0,51467.47329755333,9,5.0,Ammonia,522462.1828628242,6416.0932694416915
331,8.280000000000001,51.35,7.650097030249226,54.0,1481.0,29.0,28.0,51467.47329755333,9,5.0,Ammonia,522462.1828628242,6396.888168185186
332,8.48,51.35,7.726427147440317,54.0,1550.0,29.0,28.0,51467.47329755333,9,5.0,Ammonia,522462.1828628242,6377.694909563332
333,8.68,51.35,7.839566382904415,55.0,1540.0,30.0,29.0,53242.21375608965,9,5.0,Ammonia,540478.1202029216,6358.513616601552
334,8.88,51.35,7.840780070252679,55.0,1539.0,30.0,29.0,53242.21375608965,9,5.0,Ammonia,540478.1202029216,6339.344413700857
335,9.08,51.35,8.109815234251421,57.0,1689.0,30.0,29.0,53242.21375608965,9,5.0,Ammonia,540478.1202029216,6320.187426657261
336,9.280000000000001,51.35,8.305899369675702,57.0,1804.0,31.0,30.0,55016.95421462597,9,5.0,Ammonia,558494.057543019,6301.042782681425
337,9.48,51.35,8.55406397106624,59.0,1870.0,32.0,31.0,56791.694673162296,9,5.0,Ammonia,576509.9948831163,6281.910610418625
338,9.68,51.35,8.66220901248747,60.0,1919.0,32.0,31.0,56791.694673162296,9,5.0,Ammonia,576509.9948831163,6262.791039968975
339,9.88,51.35,8.664155840574585,60.0,1918.0,32.0,31.0,56791.694673162296,9,5.0,Ammonia,576509.9948831163,6243.684202907948
340,6.08,51.15,7.466606254424237,52.0,1470.0,28.0,27.0,49692.73283901701,9,5.0,Ammonia,504446.2455227268,6598.010357242504
341,6.28,51.15,7.49168208557057,52.0,1494.0,28.0,27.0,49692.73283901701,9,5.0,Ammonia,504446.2455227268,6578.6779922079695
342,6.48,51.15,7.680423375488302,54.0,1508.0,29.0,28.0,51467.47329755333,9,5.0,Ammonia,522462.1828628242,6559.356297481553
343,6.680000000000001,51.15,7.7760934233374,54.0,1597.0,29.0,28.0,51467.47329755333,9,5.0,Ammonia,522462.1828628242,6540.0453832988815
344,6.880000000000001,51.15,7.776018645940614,54.0,1597.0,29.0,28.0,51467.47329755333,9,5.0,Ammonia,522462.1828628242,6520.74536109544
345,7.08,51.15,7.742757144394277,54.0,1566.0,29.0,28.0,51467.47329755333,9,5.0,Ammonia,522462.1828628242,6501.456343523542
346,7.28,51.15,7.6666002253877314,54.0,1495.0,29.0,28.0,51467.47329755333,9,5.0,Ammonia,522462.1828628242,6482.178444469473
347,7.48,51.15,7.545448472794691,53.0,1495.0,28.0,27.0,49692.73283901701,9,5.0,Ammonia,504446.2455227268,6462.911779070966
348,7.680000000000001,51.15,7.695135405469532,54.0,1520.0,29.0,28.0,51467.47329755333,9,5.0,Ammonia,522462.1828628242,6443.656463734838
349,7.880000000000001,51.15,7.696271374853588,54.0,1520.0,29.0,28.0,51467.47329755333,9,5.0,Ammonia,522462.1828628242,6424.412616154939
350,8.08,51.15,7.845333682508883,55.0,1544.0,30.0,29.0,53242.21375608965,9,5.0,Ammonia,540478.1202029216,6405.180355330315
351,8.280000000000001,51.15,7.95969780011189,56.0,1600.0,30.0,29.0,53242.21375608965,9,5.0,Ammonia,540478.1202029216,6385.959801583658
352,8.48,51.15,8.112410818697457,57.0,1627.0,31.0,30.0,55016.95421462597,9,5.0,Ammonia,558494.057543019,6366.751076580006
353,8.68,51.15,8.228704521962644,57.0,1733.0,31.0,30.0,55016.95421462597,9,5.0,Ammonia,558494.057543019,6347.5543033457
354,8.88,51.15,8.230848601127883,57.0,1733.0,31.0,30.0,55016.95421462597,9,5.0,Ammonia,558494.057543019,6328.369606287634
355,9.08,51.15,8.394489367238082,58.0,1834.0,31.0,30.0,55016.95421462597,9,5.0,Ammonia,558494.057543019,6309.197111212761
356,9.280000000000001,51.15,8.506911715775832,59.0,1823.0,32.0,31.0,56791.694673162296,9,5.0,Ammonia,576509.9948831163,6290.036945347884
357,9.48,51.15,8.541883585848035,59.0,1853.0,32.0,31.0,56791.694673162296,9,5.0,Ammonia,576509.9948831163,6270.889237359735
358,9.68,51.15,8.576990633995965,59.0,1883.0,32.0,31.0,56791.694673162296,9,5.0,Ammonia,576509.9948831163,6251.754117375331
359,9.88,51.15,8.578786948983561,59.0,1882.0,32.0,31.0,56791.694673162296,9,5.0,Ammonia,576509.9948831163,6232.631717002636
360,6.08,50.95,7.324572881018101,51.0,1380.0,28.0,27.0,49692.73283901701,9,5.0,Ammonia,504446.2455227268,6587.278856057584
361,6.28,50.95,7.35618046679274,51.0,1410.0,28.0,27.0,49692.73283901701,9,5.0,Ammonia,504446.2455227268,6567.931125911473
362,6.48,50.95,7.612915068044142,53.0,1487.0,29.0,28.0,51467.47329755333,9,5.0,Ammonia,522462.1828628242,6548.594051742164
363,6.680000000000001,50.95,7.876348548509491,55.0,1570.0,30.0,29.0,53242.21375608965,9,5.0,Ammonia,540478.1202029216,6529.267743737191
364,6.880000000000001,50.95,7.876279495197263,55.0,1570.0,30.0,29.0,53242.21375608965,9,5.0,Ammonia,540478.1202029216,6509.952313287799
365,7.08,50.95,8.08630514858318,56.0,1716.0,30.0,29.0,53242.21375608965,9,5.0,Ammonia,540478.1202029216,6490.647873005982
366,7.28,50.95,8.152030427680728,57.0,1728.0,30.0,29.0,53242.21375608965,9,5.0,Ammonia,540478.1202029216,6471.354536741758
367,7.48,50.95,8.063124614098415,57.0,1645.0,30.0,29.0,53242.21375608965,9,5.0,Ammonia,540478.1202029216,6452.072419600717
368,7.680000000000001,50.95,8.119366375807926,57.0,1632.0,31.0,30.0,55016.95421462597,9,5.0,Ammonia,558494.057543019,6432.801637961758
369,7.880000000000001,50.95,8.120420145235535,57.0,1632.0,31.0,30.0,55016.95421462597,9,5.0,Ammonia,558494.057543019,6413.542309495159
370,8.08,50.95,8.209047647518638,57.0,1713.0,31.0,30.0,55016.95421462597,9,5.0,Ammonia,558494.057543019,6394.294553180843
371,8.280000000000001,50.95,8.36429009331882,58.0,1807.0,31.0,30.0,55016.95421462597,9,5.0,Ammonia,558494.057543019,6375.0584893269115
372,8.48,50.95,8.483449799653236,59.0,1803.0,32.0,31.0,56791.694673162296,9,5.0,Ammonia,576509.9948831163,6355.83423958849
373,8.68,50.95,8.502546229079782,59.0,1819.0,32.0,31.0,56791.694673162296,9,5.0,Ammonia,576509.9948831163,6336.621926986777
374,8.88,50.95,8.503480276080662,59.0,1818.0,32.0,31.0,56791.694673162296,9,5.0,Ammonia,576509.9948831163,6317.421675928422
375,9.08,50.95,8.506735126910346,59.0,1819.0,32.0,31.0,56791.694673162296,9,5.0,Ammonia,576509.9948831163,6298.233612225143
376,9.280000000000001,50.95,8.4799437152691,59.0,1792.0,32.0,31.0,56791.694673162296,9,5.0,Ammonia,576509.9948831163,6279.057863113646
377,9.48,50.95,8.444667964618743,59.0,1757.0,32.0,31.0,56791.694673162296,9,5.0,Ammonia,576509.9948831163,6259.894557275835
378,9.68,50.95,8.537877776811303,59.0,1841.0,32.0,31.0,56791.694673162296,9,5.0,Ammonia,576509.9948831163,6240.7438248592825
379,9.88,50.95,8.539534468946874,59.0,1840.0,32.0,31.0,56791.694673162296,9,5.0,Ammonia,576509.9948831163,6221.605797498031
380,6.08,50.75,7.33310165005364,51.0,1381.0,28.0,27.0,49692.73283901701,9,5.0,Ammonia,504446.2455227268,6576.575187772439
381,6.28,50.75,7.363682287029999,51.0,1410.0,28.0,27.0,49692.73283901701,9,5.0,Ammonia,504446.2455227268,6557.212042536349
382,6.48,50.75,7.620453567670897,53.0,1487.0,29.0,28.0,51467.47329755333,9,5.0,Ammonia,522462.1828628242,6537.859538266092
383,6.680000000000001,50.75,7.8849866164103055,55.0,1571.0,30.0,29.0,53242.21375608965,9,5.0,Ammonia,540478.1202029216,6518.517785095534
384,6.880000000000001,50.75,7.884922434304605,55.0,1571.0,30.0,29.0,53242.21375608965,9,5.0,Ammonia,540478.1202029216,6499.186894366051
385,7.08,50.75,8.09385816054046,56.0,1716.0,30.0,29.0,53242.21375608965,9,5.0,Ammonia,540478.1202029216,6479.866978643637
386,7.28,50.75,8.159952652064536,57.0,1664.0,31.0,30.0,55016.95421462597,9,5.0,Ammonia,558494.057543019,6460.558151736299
387,7.48,50.75,8.071686102894187,57.0,1646.0,30.0,29.0,53242.21375608965,9,5.0,Ammonia,540478.1202029216,6441.260528711676
388,7.680000000000001,50.75,8.12787052562101,57.0,1633.0,31.0,30.0,55016.95421462597,9,5.0,Ammonia,558494.057543019,6421.974225914907
389,7.880000000000001,50.75,8.127774903301738,57.0,1632.0,31.0,30.0,55016.95421462597,9,5.0,Ammonia,558494.057543019,6402.69936098678
390,8.08,50.75,8.217397983985668,57.0,1714.0,31.0,30.0,55016.95421462597,9,5.0,Ammonia,558494.057543019,6383.436052882112
391,8.280000000000001,50.75,8.372485350697529,59.0,1695.0,32.0,31.0,56791.694673162296,9,5.0,Ammonia,576509.9948831163,6364.184421888402
392,8.48,50.75,8.490524789608278,59.0,1803.0,32.0,31.0,56791.694673162296,9,5.0,Ammonia,576509.9948831163,6344.944589644766
393,8.68,50.75,8.510589043318863,59.0,1820.0,32.0,31.0,56791.694673162296,9,5.0,Ammonia,576509.9948831163,6325.71667916112
394,8.88,50.75,8.511406088684758,59.0,1819.0,32.0,31.0,56791.694673162296,9,5.0,Ammonia,576509.9948831163,6306.500814837666
395,9.08,50.75,8.51453911063467,59.0,1820.0,32.0,31.0,56791.694673162296,9,5.0,Ammonia,576509.9948831163,6287.297122484631
396,9.280000000000001,50.75,8.487622367651229,59.0,1793.0,32.0,31.0,56791.694673162296,9,5.0,Ammonia,576509.9948831163,6268.105729342308
397,9.48,50.75,8.451140414333398,59.0,1757.0,32.0,31.0,56791.694673162296,9,5.0,Ammonia,576509.9948831163,6248.926764101389
398,9.68,50.75,8.54422138601941,59.0,1841.0,32.0,31.0,56791.694673162296,9,5.0,Ammonia,576509.9948831163,6229.760356923578
399,9.88,50.75,8.545748970573449,59.0,1840.0,32.0,31.0,56791.694673162296,9,5.0,Ammonia,576509.9948831163,6210.606639462505
